[
    {"id": "1","name": "watch video", "completed": "false"},
    {"id": "1","name": "watch video", "completed": "false" },
    {"id": "1","name": "watch video", "completed": "false"},
    {"id": "1","name": "watch video", "completed": "false" },
    {"id": "1","name": "watch video", "completed": "false"},
    {"id": "1","name": "watch video", "completed": "false" },
    {"id": "1","name": "watch video", "completed": "false"},
    {"id": "1","name": "watch video", "completed": "false" },
    {"id": "1","name": "watch video", "completed": "false"},
    {"id": "1","name": "watch video", "completed": "false" }
    
]